{"cameraMode":{"drawMode":0,"name":"Shaded","section":"Shading Mode"},"sceneLighting":false,"audioPlay":false,"sceneViewState":{"showFog":true,"showMaterialUpdate":true,"showSkybox":false,"showFlares":true,"showImageEffects":true,"showParticleSystems":true},"in2DMode":false,"pivot":{"x":-14.024365425109864,"y":-14.338221549987793,"z":0.5174463987350464},"rotation":{"x":0.11372090876102448,"y":0.56048184633255,"z":-0.07794111967086792,"w":0.81661057472229},"size":14.843396186828614,"orthographic":false}