{"cameraMode":{"drawMode":0,"name":"Shaded","section":"Shading Mode"},"sceneLighting":false,"audioPlay":false,"sceneViewState":{"showFog":true,"showMaterialUpdate":true,"showSkybox":false,"showFlares":true,"showImageEffects":true,"showParticleSystems":true},"in2DMode":false,"pivot":{"x":0.06581264734268189,"y":-0.131175696849823,"z":0.0018053054809570313},"rotation":{"x":-0.046541135758161548,"y":-0.10528010129928589,"z":0.0048349699936807159,"w":-0.9933411478996277},"size":10.940723419189454,"orthographic":false}