{"cameraMode":{"drawMode":0,"name":"Shaded","section":"Shading Mode"},"sceneLighting":false,"audioPlay":false,"sceneViewState":{"showFog":true,"showMaterialUpdate":true,"showSkybox":false,"showFlares":true,"showImageEffects":true,"showParticleSystems":true},"in2DMode":false,"pivot":{"x":1.7902497053146363,"y":42.52528762817383,"z":-1.253622055053711},"rotation":{"x":0.06825251877307892,"y":-0.9316519498825073,"z":0.24766431748867036,"w":0.2569601535797119},"size":31.386674880981447,"orthographic":false}